,Category,Name,Summary_en,Summary_de
0,Gambling games,Zwicken,"Zwicken is an old Austrian and German card game for 4 to 6 players, which is usually played for small stakes and makes a good party game. It is one of the Rams group of card games characterised by allowing players to drop out of the current game if they think they will be unable to win any tricks or a minimum number of tricks.","Zwicken ist ein Kartenspiel, das hauptsächlich in Bayern gespielt wird. Als Glücksspiel unterliegt es gewissen Einschränkungen und ist daher kaum noch verbreitet."
1,Gambling games,Belle (gambling game),"Belle is a lottery-like gambling game, similar to Biribi and Cavagnole, that was brought from Italy to Paris in the 17th century. 
It needs a board with 104 numbers in 13 rows of 8 numbers, on which - similar to roulette - the bets are placed, and a bag containing 104 numbers from which the winning number is drawn.
Depending on the agreement, 100 times or 96 times the bet will be refunded in the event of a win, i.e. the odds are 99:1 or 95:1, respectively, the bank advantage is 4/104 = 3.85% or 8/104 = 7.69%.
In addition to betting on a single number, punters may also bet on a row of 13 numbers or a column of 8.
""Belle (with boards and numbers)"" was included in the list of games prohibited in Austria-Hungary by the Imperial and Royal Ministry of Justice.","Belle ist ein lottoartiges, im 17. Jahrhundert aus Italien nach Paris gebrachtes Hasardspiel ähnlich dem Biribi bzw. Cavagnole.
Man gebraucht dazu eine Tafel mit 104 Nummern in 13 Reihen zu 8 Nummern, auf der – ähnlich dem Roulettespiel – die Einsätze getätigt werden, und einer Anzahl von 104 Nummern in einem Beutel, aus dem die Gewinnnummer gezogen wird.
Je nach Vereinbarung wird im Gewinnfall der 100fache bzw. 96fache Einsatz zurückerstattet, d. h. die Gewinnquote beträgt 99:1 bzw. 95:1, der Bankvorteil somit 4/104 = 3,85 % bzw. 8/104 = 7,69 %.
Neben dem Setzen auf eine volle Nummer konnte man auch auf eine Reihe zu 13 Nummern oder eine Spalte zu 8 setzen.
Belle (mit Tafeln und Nummern) wurde auf der Liste verbotener Spiele des k.u.k. Justizministeriums angeführt."
2,Gambling games,"Belle, Flux et Trente-et-Un","Belle, Flux et Trente-et-Un, is an historical, gambling, card game that was widespread in France and Germany during the 17th and 18th centuries. As a relative of Brag and Poch, from which the game of Poker developed, it is of cultural-historical interest. 
The game is also called Les Trois Jeux (""The Three Games"") or, in German, Dreisatz (""Triple Stake"") or Belle, Fluss und Einunddreißig (""Belle, Flush and Thirty One""). Meanwhile Parlett records it as Best, Flush and Thirty-One.","Belle, Fluss und Einunddreißig, auch Dreisatz bzw. frz. Belle, Flux et Trente-et-un oder Les trois jeux ist ein historisches Karten-Glücksspiel, das in Deutschland und Frankreich im 17. und 18. Jahrhundert verbreitet war. 
Als Verwandter des Brag und des Poch, aus dem sich das Poker-Spiel entwickelt hat, ist es von kulturhistorischem Interesse."
3,Gambling games,Bingo (American version),"In the United States, bingo is a game of chance in which each player matches the numbers printed in different arrangements on cards. The game host (caller) draws at random, marking the selected numbers with tiles. When a player finds the selected numbers are arranged on their card in a row, they call out ""Bingo!"" to alert all participants to a winning card, which prompts the game host (or an associate assisting the host) to examine the card for verification of the win. Players compete against one another to be the first to have a winning arrangement for the prize or jackpot. After a winner is declared, the players clear their number cards of the tiles and the game host begins a new round of play.
Alternative methods of play try to increase participation by creating excitement. Since its invention in 1929, modern bingo has evolved into multiple variations, with each jurisdiction's gambling laws regulating how the game is played. There are also nearly unlimited patterns that may be specified for play. Some games require only one number to be matched, while cover-all games award the jackpot for covering an entire card. There are even games that award prizes to players for matching no numbers or achieving no pattern.
Bingo played in the U.S. (75-ball bingo) is not to be confused with bingo played in the U.K. (90-ball bingo), as the tickets and the calling are slightly different.","Bingo ist ein Lotteriespiel, das insbesondere im Vereinigten Königreich, auf den Philippinen und in den USA sehr beliebt ist. Bingo ist ein Abkömmling des Gesellschaftsspiels Lotto."
4,Gambling games,Biribi,"Biribi, biribissi (in Italian), or cavagnole (in French), was an Italian game of chance similar to roulette, played for low stakes, that was banned in 1837. It was played on a board on which the numbers 1 to 70 are marked.The players put their stakes on the numbers they wish to back. The banker is provided with a bag from which he draws a case containing a ticket, the tickets corresponding with the numbers on the board. The banker calls out the number, and any players who backed it receive sixty-four times their stake; all other stakes go to the banker.Casanova played it in Genoa (illegally, for it was already banned there) and the South of France in the 1760s, and describes it as ""a regular cheats' game"". He broke the bank (fairly, he claims) and was immediately rumored to have been in collusion with the bag-holder; such collusion, presumably, was common.
In the French army, ""to be sent to Biribi"" was a cant term for being sent to the disciplinary battalions in Algeria.


== References ==","Biribi oder Cavagnole ist ein der Belle ähnliches, historisches, französisches Glücksspiel, das im Jahre 1837 verboten wurde.
Die Spieler tätigen ihre Einsätze auf einem Tableau mit den Nummern 1 bis 70, der Bankhalter zieht aus einem Sack eine Nummernkarte und ruft die Gewinnzahl aus.
Hat ein Spieler auf die gezogene Zahl gesetzt, so erhält er das 64-fache seines Einsatzes ausbezahlt (der Gewinn beträgt somit nur das 63-fache), die übrigen Einsätze verfallen zugunsten des Bankhalters.
Der Bankvorteil beträgt 6⁄70 oder ca. 8,57 %.
Die Redewendung „jemanden nach Biribi schicken“ bedeutete in der französischen Armee, dass jemand zu einem Strafbataillon nach Algerien versetzt wurde."
5,Gambling games,Bouillotte,"Bouillotte is an 18th-century French gambling card game of the Revolution based on Brelan, very popular during the 19th century in France and again for some years from 1830. It was also popular in America. The game is regarded as one of the games that influenced the open-card stud variation in poker. The rules continue to be printed in French gaming compendia.","Bouillotte, auch Brelan, ist ein historisches, französisches Karten-Glücksspiel, das in der Zeit der französischen Revolution und später wieder in den 1830er Jahren sehr beliebt war. Bouillotte ist so wie Brag und Poch als Vorläufer des Poker-Spiels anzusehen."
6,Gambling games,Boule (gambling game),"Boule (French for 'ball') is a gambling game, similar to roulette, that dates back to the popular 19th-century game of Petits Chevaux ('Little Horses').","Boule (franz. Kugel) ist der Name eines dem Roulette ähnlichen Glücksspiels, das aus dem im 19. Jahrhundert beliebten Petits chevaux hervorgegangen ist."
7,Gambling games,Brag (card game),"Brag is an 18th century  British card game, and the British national representative of the vying or ""bluffing"" family of gambling games. It is a descendant of the Elizabethan game of Primero and one of the several ancestors to poker, the modern version just varying in betting style and hand rankings. It has been described as the ""longest-standing British representative of the Poker family.""","Brag ist ein sehr altes, englisches Glücksspiel und ist so wie Poch, Belle, Fluss und Einunddreißig und Bouillotte bzw. Brelan einer der Vorläufer des Poker. Edmond Hoyle (1672–1769) verfasste eine Abhandlung über Brag. Brag entwickelte sich möglicherweise aus Primero, einem dem L’Hombre verwandten, älteren spanischen Kartenspiel."
8,Gambling games,Buki-Domino,"Buki-Domino or Buki (German: Bukidomino, Buki-Domino, Booky-Domino, Buki or Sechser-Domino), is a gambling game that was widely played in Vienna in the early 20th century.","Bukidomino, Sechser-Domino, auch Buki-Domino, Bookie-Domino bzw. Booky-Domino geschrieben, oder kurz Buki ist ein Glücksspiel, das in Wien zu Anfang des 20. Jahrhunderts viel gespielt wurde.
Literarische Erwähnung fand das Bukidomino bei Joseph Roth (Zipper und sein Vater), Egon Erwin Kisch (Lederbranche in Nachlese), vor allem aber im 15. Kapitel des Romans Zwischen neun und neun von Leo Perutz, das zur Gänze der präzisen Schilderung einer Buki-Partie gewidmet ist. Die folgende Beschreibung stützt sich auf die in Perutz’ Roman gegebenen Hinweise sowie auf die im Literaturverzeichnis angeführten Quellen."
9,Gambling games,Caribbean stud poker,"Caribbean stud poker, also called casino stud poker, is a casino table game with rules derived from five-card stud poker. However, unlike standard poker games, Caribbean stud poker is played against the house rather than against other players. There is no option to bluff or deceive as this is played against the house and not other players.","Tropical Stud oder Tropical Stud Poker, auch Caribbean Stud oder Oasis Stud, ist eine Pokervariante, die in Spielbanken angeboten wird. Bei dieser Spielart spielen die Teilnehmer nicht gegeneinander, sondern es spielt jeder Teilnehmer für sich gegen das Casino – im Prinzip handelt es sich daher um ein Zwei-Personen-Spiel."
10,Gambling games,Casino War,"Casino War is a proprietary casino table game based on the game of War. It is distributed by Shuffle Master, a division of Scientific Games. The game is one of the most easily understood casino card games.","Bataille royale oder Casino War ist ein vor allem in französischen und amerikanischen Spielbanken betriebenes Glücksspiel.
Der Ursprung dieses Casinospiels liegt in einem weit verbreiteten Kartenspiel für Kinder, das im deutschen Sprachraum als Leben und Tod bzw. Krieg und Frieden, in Österreich als Kriegeln, in der Schweiz als Burechrieg (Bauernkrieg) und in Frankreich als Bataille (dt. Schlacht) bekannt ist. In Großbritannien heißt das Spiel Battle, in den USA War (dt. Krieg)."
11,Gambling games,Cee-lo,"Cee-lo is a gambling game played with three six-sided dice.  There is not one standard set of rules, but there are some constants that hold true to all sets of rules. The name comes from the Chinese Sì-Wŭ-Liù (四五六), meaning ""four-five-six"". In America it is also called ""See-Low,"" ""Four-Five-Six,"" ""The Three Dice Game,"" ""Roll-off!,"" and by several alternative spellings, as well as simply ""Dice."" In China it is also called ""Sān Liù Bàozi"" (三六豹子), or ""Three-Six Leopards"". In Japan, it is known as ""Chinchiro"" (チンチロ) or ""Chinchirorin"" (チンチロリン).
The constants include the number of dice used, which is always three.  All rules describe certain winning combinations that can be rolled, and 4-5-6 is always treated as a winning combination for the first player who rolls it (though in some variants without a banker, it may be possible for several players to make a ""winning combination,"" requiring a second shootout).  Besides the winning combinations, all Cee-lo rules include certain rolls that establish a ""point,"" and there are situations where two or more players will roll and compare their points to determine a winner. If for any reason the dice were to leave the playing area (ex: rolling off of the table and hitting the floor) the player would be deemed an automatic loss.
The various sets of rules can be divided into two broad categories according to how betting is handled.  In banking games, one player serves as a banker, who covers the individual bets of the other players, each of whom competes directly with the bank.  In non-banking games, each player has essentially equal status, and rules must exist for the players to pool their bets and attempt to win from a common pot.","Cee-lo, kurz auch C-Lo, See-Low oder Four-Five-Six bzw. 4-5-6 ist ein Würfelspiel mit drei sechsseitigen Würfeln.
Das Spiel wurde von chinesischen Einwanderern in die USA gebracht, so dass sich auch der Name aus dem Chinesischen ableitet: Sì-Wŭ-Liù (chinesisch 四五六 – „4-5-6“). In China heißt das Spiel Sānliù Bàozi (chinesisch 三六豹子 – „3-6-Würfel“). Das Spiel ist auch als Chinchirorin (jap. チンチロリン) bekannt, was jedoch im engeren Sinne die japanische Variante bezeichnet.
In den USA ist es ein beliebtes Spiel in den Ghettos, wobei beliebig viele Mitspieler mit Geld, Chips oder nur zum Spaß gegen einen einzelnen Mitspieler wetten und würfeln. Es wird auch illegal um Geld gespielt. Das Spiel findet oftmals an Straßenecken auf dem Boden oder auf einem Stück Karton statt. Man kennt diese Szenerie aus vielen Rapvideos, von Stars wie 2Pac, Biggie Smalls, Jay-Z, Nas, Cam’ron und aus diversen US-Ghettofilmen. Häufig wird auch Craps gespielt, was für Außenstehende von weitem leicht verwechselt werden kann. Es gibt ein auf Cee-lo basierendes, kommerzielles Brettspiel."
12,Gambling games,Chratze,"Chratze (German pronunciation: [xratsə]; ""raking"") is a trick taking card game, mainly played in the German-speaking part of Switzerland as well as in Bavaria (there known as Zwicken and played with 3 cards). It is one of over 70 variants of Jass and played with a pack of 36 cards, either a Swiss-German or French one. It appears to be related to the Austrian game, Kratzen.
Theoretically it can be played by 2-7 people, however it is most common and enjoyable are 4-5 players.
Four cards are dealt, therefore there are 4 tricks to be taken.","Chratze ist ein Kartenspiel, das hauptsächlich in der Deutschschweiz und somit wahlweise mit französischen oder deutschen/deutschschweizer Jasskarten gespielt wird, und bildet eine der vielen Varianten des Jass. Es kann theoretisch von 2 bis 7 Spielern gespielt werden, optimal sind 4 bis 5 Spieler."
13,Gambling games,Craps,"Craps is a dice game in which players bet on the outcomes of the roll of a pair of dice. Players can wager money against each other (playing ""street craps"") or against a bank (""casino craps"").  Because it requires little equipment, ""street craps"" can be played in informal settings. While shooting craps, players may use slang terminology to place bets and actions.","Craps bzw. Craps shooting oder Seven Eleven ist ein Würfelspiel, das sich vor allem in den USA großer Beliebtheit erfreut. Craps ist eine Vereinfachung des alt-englischen Spiels Hazard, die Bernard de Mandeville aus New Orleans im Jahre 1813 eingeführt haben soll.
Der Name Craps leitet sich vom englischen Wort Crab, dt. Krabbe, ab, der bereits im 16. Jahrhundert gebräuchlichen Bezeichnung für den Wurf einer Einser-Dublette."
14,Gambling games,Darts,"Darts or dart-throwing is a competitive sport in which two or more players bare-handedly throw small sharp-pointed missiles known as darts at a round target known as a dartboard.Points can be scored by hitting specific marked areas of the board, though unlike in sports such as archery, these areas are distributed all across the board and do not follow a principle of points increasing towards the centre of the board. Though a number of similar games using various boards and rules exist, the term ""darts"" usually now refers to a standardised game involving a specific board design and set of rules.
Darts is both a professional shooting sport and a traditional pub game.  Darts is commonly played in the United Kingdom and the Republic of Ireland, and recreationally enjoyed around the world.","Darts, auch Dart (süddeutsch Spicken/Spicker/Spickern), ist ein Geschicklichkeitsspiel und ein Präzisionssport, bei dem mit Pfeilen (den Darts, süddeutsch Spickern) auf eine runde Scheibe (die Dartscheibe) geworfen wird."
15,Gambling games,Dominoes,"Dominoes is a family of tile-based games played with gaming pieces, commonly known as dominoes. Each domino is a rectangular tile, usually with a line dividing its face into two square ends. Each end is marked with a number of spots (also called pips or dots) or is blank. The backs of the tiles in a set are indistinguishable, either blank or having some common design. The gaming pieces make up a domino set, sometimes called a deck or pack.  The traditional European domino set consists of 28 tiles, also known as pieces, bones, rocks, stones, men, cards or just dominoes, featuring all combinations of spot counts between zero and six. A domino set is a generic gaming device, similar to playing cards or dice, in that a variety of games can be played with a set. Another form of entertainment using domino pieces is the practice of domino toppling.

The earliest mention of dominoes is from Song dynasty China found in the text Former Events in Wulin by Zhou Mi (1232–1298). Modern dominoes first appeared in Italy during the 18th century, but they differ from Chinese dominoes in a number of respects, and there is no confirmed link between the two. European dominoes may have developed independently, or Italian missionaries in China may have brought the game to Europe.The name ""domino"" is probably derived from the resemblance to a kind of carnival costume worn during the Venetian Carnival, often consisting of a black-hooded robe and a white mask. Despite the coinage of the word ""polyomino"" as a generalization, there is no connection between the word ""domino"" and the number 2 in any language.
The most commonly played domino games are Domino Whist, Matador, and Muggins (All Fives). Other popular forms include Texas 42, Chicken Foot, Concentration, Double Fives, and Mexican Train. In Britain, the most popular league and pub game is Fives and Threes.","Domino ist ein Legespiel mit zumeist 28 (vgl. unten) rechteckigen Spielsteinen, meist aus Holz oder Kunststoff. Professionelle Spielsteine haben im Allgemeinen eine Größe von ca. 56 × 28 × 13 mm. Die Steine sind in zwei Felder geteilt, auf welchen zwischen null und je nach Umfang des Satzes bis zu 18 Augen in jeweils allen möglichen Kombinationen abgebildet sind. Nach der höchsten Augenzahl im Spiel unterscheidet man Doppel-6er, Doppel-9er, Doppel-12er, Doppel-15er und Doppel-18er Dominosets. Um das Spiel zu erleichtern, sind die Augenzahlen verschiedener Felder oft unterschiedlich koloriert."
16,Gambling games,Dou dizhu,"Dou dizhu (simplified Chinese: 斗地主; traditional Chinese: 鬥地主; pinyin: dòu dìzhǔ; Jyutping: dau3 dei6 zyu2; lit. 'fighting the landlord') is a card game in the genre of shedding and gambling. It is one of the most popular card games played in China.
Dou dizhu is described as easy to learn but hard to master, requiring mathematical and strategic thinking as well as carefully planned execution. Suits are irrelevant in playing dou dizhu. Players can easily play the game with a set of dou dizhu playing cards, without the suits printed on the cards. Less popular variations of the game do exist in China, such as four-player and five-player dou dizhu played with two packs of cards.","Dou Di Zhu, (chinesisch 鬥地主, Pinyin Dòu Dìzhǔ); etwa „Kampf dem Lehnsherrn“ ist ein in China sehr beliebtes Kartenspiel, bei dem es darum geht, möglichst schnell alle Karten abzulegen."
17,Gambling games,Dreidel,"A dreidel, also dreidle or dreidl ( DRAY-dəl; Yiddish: דרײדל, romanized: dreydl, plural: dreydlech; Hebrew: סביבון, romanized: sevivon) is a four-sided spinning top, played during the Jewish holiday of Hanukkah. The dreidel is a Jewish variant on the teetotum, a gambling toy found in many European cultures.
Each side of the dreidel bears a letter of the Hebrew alphabet:
נ‎ (nun),
ג‎ (gimel),
ה‎ (hei),
ש‎ (shin).
These letters are represented in Yiddish as a mnemonic for the rules of a gambling game derived from teetotum played with a dreidel: nun stands for the word נישט (nisht, ""not"", meaning ""nothing""), gimel for גאַנץ (gants, ""entire, whole""), hei for האַלב (halb, ""half""), and shin for שטעל אַרײַן (shtel arayn, ""put in""). However, according to folk etymology, they represent the Hebrew phrase נֵס גָּדוֹל הָיָה שָׁם (nes gadól hayá sham, ""a great miracle happened there""), referring to the miracle of the cruse of oil. For this reason, most dreidels in Israel replace the letter shin with a letter 
פ‎ (pe),
to represent the phrase נֵס גָּדוֹל הָיָה פֹּה (nes gadól hayá po, ""a great miracle happened here""); however, many Haredi communities insist that the letter shin should be used in the Holy Land as well, because the reference to ""there"" means in the Holy Temple and not in the Land.
While not mandated (a mitzvah) for Hanukkah (the only traditional mitzvot are lighting candles and saying the full hallel), spinning the dreidel is a traditional game played during the holiday.Astronaut Jeffrey A. Hoffman spun a dreidel made by Israeli silversmith Gideon Hay for an hour in outer space.","Ein Dreidel (Trendl (jiddisch), draydel (englische Schreibweise), hebräisch סביבון sewiwon), auch Dreidl, ist ein Kreisel mit vier Seiten. Es handelt sich nicht, wie oft vermutet, um einen Gebetskreisel, sondern um ein traditionsreiches Spielzeug, das von europäisch-jüdischen Kindern während des achttägigen Lichterfestes Chanukka gedreht wird. Jede Seite des Dreidels zeigt einen anderen hebräischen Buchstaben:
נ (Nun), ג (Gimel), ה (He), ש (Schin). Anstelle des Buchstaben Schin findet man in Israel auch ein פ (Pe). Sie stehen für den Satz:

נס גדול היה שם (Nes gadol haja scham, „Ein großes Wunder geschah dort.“) bzw.
נס גדול היה פה (Nes gadol haja po, „Ein großes Wunder geschah hier.“)"
18,Gambling games,Écarté,"Écarté is an old French casino game for two players that is still played today. It is a trick-taking game, similar to whist, but with a special and eponymous discarding phase; the word écarté meaning ""discarded"". Écarté was popular in the 19th century, but is now rarely played. It is described as ""an elegant two-player derivative of Triomphe [that is] quite fun to play"" and a ""classic that should be known to all educated card players.""","Écarté oder Ekartee (von französisch écarter „weglegen“), auch Spiel der Kavaliere genannt, ist ein ursprünglich französisches Kartenspiel für zwei Personen.
Das Écarte-Jouette oder Jouettespiel [sic] wurde 1933 als Glücksspiel verboten. Durch kleinere Änderungen der Regeln versuchte man die Einstufung als Glücksspiel zu umgehen, und so entstanden die Écarté-Varianten namens Casino (nicht zu verwechseln mit Casino, siehe dort), Ramso und Bara (kurz für Bayrisch Rams). In diesen Spielarten blieb Écarté noch bis in die 1950er Jahre in Deutschland verbreitet. In Frankreich kann man auch heute noch in vielen Clubs und Spielbanken Écarté spielen."
19,Gambling games,Fan-Tan,"Fan-Tan, or fantan (simplified Chinese: 番摊; traditional Chinese: 番攤; pinyin: fāntān; Jyutping: faan1 taan1; lit. 'repeated divisions') is a gambling game long played in China. It is a game of pure chance which has similarities to roulette.
The game is played by placing two handfuls of small objects on a board and guessing the remaining count when divided by four. After players have cast bets on values of 1 through 4, the dealer or croupier repeatedly removes four objects from the board until only one, two, three or four beans remain, determining the winner.","Fan Tan oder Fan-Tan, Fantan (vereinfachtes Chinesisch: 番摊; traditionelles Chinesisch: 番攤; Pinyin: fāntān, wörtlich: ""mehrfache Abteilungen"") ist ein sehr einfaches, chinesisches Glücksspiel mit Bohnen, das sich in China vor allem in den Spielbanken von Macau großer Beliebtheit erfreut."
20,Gambling games,Glückshaus,Glückshaus (House of Fortune) is a gambling dice game for multiple players. It is played with two dice on a numbered board. The name was coined in the 1960s by Erwin Glonnegger who also created the modern design of the board by merging older dice games with a staking board for a card game.,"Glückshaus ist ein Glücksspiel für mehrere Spieler auf einem Spielbrett mit zwei Würfeln. Sowohl der Name „Glückshaus“ als auch Details des modernen Spielbretts stammen aus der zweiten Hälfte des 20. Jahrhunderts, als Erwin Glonnegger die Regeln eines älteren Würfelspiels (Siebenerspiel) mit dem Spielbrett eines Kartenspiels des 16. Jahrhunderts kombinierte. Die Tradition der Vorlage, des Siebenerspiels, das unter verschiedenen Namen bekannt war, reicht bis um 1500 zurück. Georg Himmelheber weist auf ähnliche Spielelemente beim Käutzchenspiel  und Poch hin.Weitere Namen für das Siebenerspiel oder Varianten davon sind: (Lustige) Sieben, Pinke, Böse Sieben, Der Siebener trinckt, und in anderen Sprachen Jeu du Juif, Gioco della Barca, Arlequinspel, Lucky Pig und House of Fortune."
21,Gambling games,Hazard (game),"Hazard is an early English game played with two dice; it was mentioned in Geoffrey Chaucer's Canterbury Tales in the 14th century.
Despite its complicated rules, hazard was very popular in the 17th and 18th centuries and was often played for money.  At Crockford's Club in London, hazard was especially popular.  In the 19th century, the game craps developed from hazard through a simplification of the rules. Craps is now popular in North America but neither game remains popular amongst the rest of the world.","Hazard, altengl. oder frz. Hasard, ist ein altenglisches Spiel mit zwei Würfeln, das bereits im 14. Jahrhundert von Geoffrey Chaucer in den Canterbury Tales erwähnt wird. Der Name Hasard leitet sich vom arabischen yasara für „würfeln“ ab.Hazard war – trotz der komplizierten Regeln – im 17. und 18. Jahrhundert so beliebt, dass es zu dem Glücksspiel schlechthin wurde. Glücksspiele werden daher auch allgemein als Hasardspiele bezeichnet. In Crockford’s, Almack’s und Brooks’s Club in London wurde Hazard besonders gerne gespielt.
Hazard war bereits frühzeitig auch unter dem Namen Craps bekannt. Das moderne Craps, welches privat und in Casinos gespielt wird, ist durch Vereinfachung der ursprünglichen Regeln Anfang des 19. Jahrhunderts aus Hazard hervorgegangen (vgl. u.).
Neben dem Spiel mit zwei Würfeln existierte auch eine Variante mit drei Würfeln. Der Name Grand Hazard für das Spiel mit drei anstelle von nur zwei Würfeln meint heute jedoch das Spiel Sic Bo bzw. Chuck a Luck."
22,Gambling games,Schwimmen,"Schwimmen or Einunddreißig (in Germany also Knack, Schnauz, Wutz and  Bull; in Austria as Hosen runter, Hosn obe, Hosn obi, Hosn owi and Hose ab (Vorarlberg); in Switzerland as Hosenabe) is a social card game for two to nine players, played with a 32-card Piquet pack, that is popular in Austria and Germany. Although it is also called Einunddreißig (Thirty-one or French: Trente-et-un), this should not be confused with a predecessor of Siebzehn und Vier (Twenty-One), also called Einunddreißig. Schwimmen is German for ""swimming"" which refers to the last chance that a player gets before they drop out. 
Variants or similar games in the United States and Great Britain go under the names of Thirty-One, Blitz and Scat, but are played with a 52-card pack. Schwimmen is also played in tournament form.","Schwimmen oder Einunddreißig (regional u. a. auch Knack, Schnauz, Wutz, Bull und Hosn obi) ist ein Karten-Glücksspiel für zwei bis neun Personen. Der Name Einunddreißig (französisch Trente-et-un) bezeichnet aber auch einen Vorläufer von Siebzehn und Vier, bei dem eben 31 Punkte anstelle von 21 das beste Ergebnis sind.
Varianten bzw. ähnliche Spiele sind in den Vereinigten Staaten und Großbritannien unter den Namen Thirty-One, Blitz und Scat bekannt; Schwimmen kann auch als Turnier gespielt werden.
Auf der Liste verbotener Spiele des k.u.k. Justizministeriums ist dieses Spiel unter den Namen Trente-un und Feuer aufgelistet – während sich der erstere Name auch auf den oben erwähnten Siebzehn und vier-Vorläufer beziehen kann, weist der Name Feuer eindeutig auf dieses Spiel hin, da in der gebräuchlichsten Variation einer Hand von drei Assen (Feuer) besondere Bedeutung zukommt (siehe unten)."
23,Gambling games,Keno,"Keno  is a lottery-like gambling game often played at modern casinos, and also offered as a game in some lotteries.
Players wager by choosing numbers ranging from 1 through (usually) 80. After all players make their wagers, 20 numbers (some variants draw fewer numbers) are drawn at random, either with a ball machine similar to ones used for lotteries and bingo, or with a random number generator.
Each casino sets its own series of payouts, called ""paytables"". The player is paid based on how many numbers were chosen (either player selection, or the terminal picking the numbers), the number of matches out of those chosen, and the wager.
There are a wide variety of keno paytables depending on the casino, usually with a larger ""house edge"" than other games, ranging from less than 4 percent to over 35 percent in online play, and 20-40% in in-person casinos. By way of comparison, the typical house edge for non-slot casino games is under 5%.","Keno ist ein Glücksspiel, das ursprünglich aus dem Kaiserreich China stammt. Es ist eine moderne, schnelle Zahlenlotterie. Die Besonderheit von keno ist das variantenreiche Spielsystem mit variablen Einsätzen, verschiedenen keno-Typen und festen Gewinnquoten. Keno unterscheidet sich von anderen Lotterien vor allem durch sein außergewöhnliches Spielsystem 10 aus 20 aus 70."
24,Gambling games,List of games prohibited in Austria-Hungary,"In 1904, the Imperial and Royal Ministry of Justice (k. u. k. Justizministerium) published the following list of games prohibited in Austria-Hungary. It was expanded by the state of Austria in 1933, was exemplary in Austria for many years and now represents a culturally and historically interesting list of the sort of gambling that was popular at that time.
It is particularly noteworthy that there are also some bowling and billiard games on this list, which today are regarded more as games of skill.","Das k. u. k. Justizministerium veröffentlichte im Jahre 1904 die folgende Liste verbotener Spiele, die 1933 ergänzt wurde und in Österreich über viele Jahre beispielgebend war und eine kulturhistorisch interessante Aufstellung der damals beliebten Glücksspiele darstellt.
Bemerkenswert ist insbesondere, dass sich auch einige Kegel- und Billardspiele auf dieser Liste finden, die nach heutiger Auffassung eher als Geschicklichkeitsspiele angesehen werden."
25,Gambling games,Mahjong,"Mahjong or mah-jongg (English pronunciation:  mah-JONG) is a tile-based game that was developed in the 19th century in China and has spread throughout the world since the early 20th century. It is commonly played by four players (with some three-player variations found in parts of China, Japan, South Korea and Southeast Asia). The game and its regional variants are widely played throughout East and Southeast Asia and have also become popular in Western countries. The game has also been adapted into a widespread online entertainment. Similar to the Western card game rummy, Mahjong is a game of skill, strategy, and luck. To distinguish it from mahjong solitaire, it is sometimes referred to as mahjong rummy.The game is played with a set of 144 tiles based on Chinese characters and symbols, although many regional variations may omit some tiles or add unique ones. In most variations, each player begins by receiving 13 tiles. In turn, players draw and discard tiles until they complete a legal hand using the 14th drawn tile to form four melds (or sets) and a pair (eye). A player can also win with a small class of special hands. While many variations of mahjong exist, most variations have some basic rules in common including how a piece is drawn and discarded, how a piece is robbed from another player, the use of suits (numbered tiles) and honors (winds and dragons), the basic kinds of melds allowed, how to deal the tiles and the order of play. Beyond these basic common rules, numerous regional variations exist which may have notably different criteria for legal melds and winning hands, radically different scoring systems and even elaborate extra rules. A group of players may introduce their own house rules which can notably change the feel of play.","Mah-Jongg (), auch Mahjongg oder Mahjong (chinesisch 麻將 / 麻将, Pinyin májiàng, Jyutping maa4zoeng3 ; Kantonesisch 麻雀,  máquè, Jyutping maa4zoek3 – „Sperlingsvögel“ ; hist. 麻雀牌,  máquèpái, Jyutping maa4zoek3paai4*2 – „Sperlingsspiel“) genannt, ist ein chinesisches Spiel für vier Personen."
26,Gambling games,Mauscheln,"Mauscheln, also Maus or Vierblatt, is a gambling card game that resembles Tippen, which is commonly played in Germany and the countries of the old Austro-Hungarian Empire.","Mauscheln, auch Maus oder Vierblatt, ist ein dem Tippen ähnliches Karten-Glücksspiel, das in Deutschland und den Ländern des früheren Österreich-Ungarn weit verbreitet war. 
Der Name Mauscheln bedeutet so viel wie „(heimliches) Sprechen“. Nach Meyers Konversationslexikon von 1885 bis 1892 leitet sich das Wort Mauschel vom hebräischen Moscheh „Moses“, in aschkenasischer Aussprache Mausche, Mousche, ab und war ein Spottname für Jude; mauscheln bedeutete im älteren Deutsch so viel wie „jüdeln, schachern“. Heute wird mauscheln synonym zu intrigieren, kungeln, mogeln verwendet.Weitere Namen des Spiels sind Polnische Bank (vgl. aber hier) oder Panczok, auch Kratzen, Angehen oder Frische Vier."
27,Gambling games,Medal game,"Medal games (メダルゲーム, medaru gēmu) are a type of arcade game commonly found in amusement arcades and casinos, especially in Japan. In order to play a medal game, a customer must first exchange their cash into medals (metal coins, much like an arcade token). The rate of medals versus cash varies from arcade to arcade, but usually the cheapest range is from ¥300 all the way up to ¥10,000.  
While many of the medal games simulate gambling, the medals cannot be traded back into cash, but only used to play more games, or exchanged (via paper tickets) for prizes.
There are many types of medal games, but the two most popular are the gambling type and the pusher game type.","Ein Münzschieber (engl. auch Coin pusher oder Penny pusher) ist ein Spielautomat, in dem Münzen auf einer oder mehreren Ebenen geschoben werden."
28,Gambling games,Mistigri (card game),"Mistigri, historically Pamphile, is an old, French, trick-taking card game for three or four players that has elements reminiscent of poker. It is a member of the Rams family of games and, although it is a gambling game, often played for small stakes, it is also suitable as a party game or as a family game with children from the age of 12 upwards.","Mistigri, auch bekannt als Mönch bzw. Mouche, Lentule, Pamphile oder Trente et un, ist ein Karten-Glücksspiel für drei oder vier Spieler, das jedoch auch mit mehr Mitspielern gespielt werden kann und je nach Anzahl der Mitspieler mit einem Blatt aus 32, 36 oder 52 Karten gespielt wird. In seiner Spielweise handelt es sich um ein Stichspiel, es enthält jedoch auch Elemente ähnlich dem Poker. Verwandt ist es mit dem historischen Kartenspiel TippenBenannt ist das Spiel nach dem „Mistigri“ (französisch für „die Mieze“ bzw. „das Kätzchen“) oder dem „Mönch“, dem Kreuz-Buben, der als höchster Trumpf und als Joker eingesetzt werden kann."
29,Gambling games,Monte Bank,"Monte Bank, Mountebank, Spanish Monte and Mexican Monte, sometimes just Monte, is a Spanish gambling card game and was known in the 19th century as the national card game of Mexico. It ultimately derives from basset, where the banker (dealer) pays on matching cards. The term ""monte"" has also been used for a variety of other gambling games, especially varieties of three-card poker, and for the swindle three-card monte.","Monte Bank oder kurz Monte ist der Name eines aus Mexiko stammenden Karten-Glücksspiels, das neben Faro das beliebteste Spiel in den Saloons des Wilden Westens war, bevor diese Spiele durch Poker verdrängt wurden.
Die im Englischen gebrauchte Bezeichnung mountebank (so viel wie Marktschreier, Quacksalber, Scharlatan) leitet sich von diesem Spiel ab.
Monte Bank wurde ursprünglich mit spanischen Spielkarten gespielt, später mit französischem Blatt ohne die Werte 8, 9, 10, also mit 40 Karten."
30,Gambling games,Odds and evens (hand game),"Odds and evens is a simple game of chance and hand game, involving two people simultaneously revealing a number of fingers and winning or losing depending on whether they are odd or even, or alternatively involving one person picking up coins or other small objects and hiding them in their closed hand, while another player guesses whether they have an odd or even number. The game may be used to make a decision or played for fun.
The finger game is also known as swords, choosies, pick, odds-on poke, or bucking up. This zero-sum game, a variation of the ancient morra and par-impar, is played in Europe, the US, and in Brazil, especially among children.","Gerade und Ungerade ist ein einfaches Glücksspiel, welches darin besteht, dass man – von Mitspielern unbeobachtet – verschiedene Münzen oder sonstige kleine Gegenstände in die Hand nimmt, letztere schließt und einen anderen erraten lässt, ob die Zahl derselben eine gerade oder ungerade sei."
31,Gambling games,Pai gow,"Pai gow (Chinese: 牌九, ) is a Chinese gambling game, played with a set of 32 Chinese dominoes. It is played in major casinos in China (including Macau); the United States (including Boston, Massachusetts; Las Vegas, Nevada; Reno, Nevada; Connecticut; Atlantic City, New Jersey; Pennsylvania; Mississippi; and cardrooms in California); Canada (including Edmonton, Alberta and Calgary, Alberta); Australia; and New Zealand.
The name ""pai gow"" is sometimes used to refer to a card game called pai gow poker (or “double-hand poker”), which is loosely based on pai gow.","Pai Gow, auch P’ai Kao, ist ein chinesisches Glücksspiel mit Dominosteinen und wird – abgesehen von seiner Heimat Macau – auch in den USA und Australien viel gespielt.
Die Grundidee dieses Spiels wurde auf das Spiel mit Karten übertragen, und so entstand die Variante Pai Gow Poker, die vor allem in den Casinos in Las Vegas und Atlantic City sehr verbreitet ist.
Pai Gow, zu deutsch etwa: neun (Punkte) machen, weist einige entfernte Ähnlichkeiten mit Baccara chemin de fer auf; die gelegentlich aufgestellte Behauptung, es handle sich um einen Vorläufer des Baccara ist jedoch nicht richtig."
32,Gambling games,Pinball,"Pinball games are a family of games in which a ball is propelled into a specially designed table where it bounces off various obstacles, scoring points either en route or when it comes to rest. Historically the board was studded with nails called 'pins' and had hollows or pockets which scored points if the ball came to rest in them. Today, pinball is most commonly an arcade game in which the ball is fired into a specially designed cabinet known as a pinball machine, hitting various lights, bumpers, ramps, and other targets depending on its design. The game's object is generally to score as many points as possible by hitting these targets and making various shots with flippers before the ball is lost. Most pinball machines use one ball per turn (except during special multi-ball phases), and the game ends when the ball(s) from the last turn are lost. The biggest pinball machine manufacturers historically include Bally Manufacturing, Gottlieb, Williams Electronics and Stern Pinball.","Ein Flipperautomat (kurz: Flipper, in der Schweiz meist Flipperkasten) ist ein Geschicklichkeits-Spielautomat ohne Geldgewinnmöglichkeit, dessen Vorläufer bis ins 18. Jahrhundert zurückreichen. Bei allen Flippern wird eine Metallkugel zunächst auf eine schrägstehende Fläche katapultiert, die sie in Richtung des Spielers hinabrollt: Je nachdem, in welche Öffnungen die Kugel dabei fällt bzw. welche Hindernisse sie dabei berührt, sammeln Spieler Punkte. Kurz nach dem Zweiten Weltkrieg erfand Harry Mabs die namensgebenden Flipper (d. h. Flipperhebel, auch Flipperfinger), mit denen der Spieler die Möglichkeit erhielt, die Kugel auf die Spielfläche zurückzuschleudern."
33,Gambling games,Poch,"Poch, Pochen or Pochspiel (French: Poque) is a very old card game that is considered one of the forerunners of poker, a game that developed in America in the 19th century. An etymological relationship between the game names is also assumed. Games related to Poch are the French Glic and Nain Jaune and the English Pope Joan. Other forerunners of poker and possible relatives of the game are the English game, Brag, from the 16th century and the French Brelan (later Bouillotte) and Belle, Flux et Trente-et-Un. Poch is recorded as early as 1441 in Strasbourg.Pochen is also another name for the card game Tippen or Dreiblatt.","Poch, Pochen oder Pochspiel, fr. Poque ist ein sehr altes Kartenspiel, das bereits im Jahre 1441 in Straßburg erwähnt wurde. Pochen gilt als einer der Vorläufer des Pokerspiels, das sich im 19. Jahrhundert in Amerika entwickelte. Auch eine etymologische Verwandtschaft der Spielbezeichnungen wird angenommen. Mit dem Pochen verwandte Spiele sind das französische Glic und Nain Jaune und das englische Pope Joan. Weitere Vorläufer des Poker und mögliche Verwandte des Pochspiels sind das englische Brag aus dem 16. Jahrhundert und das französische Brelan (später Bouillotte) sowie Belle, Fluss und Einunddreißig.Pochen ist auch eine andere Bezeichnung für das Kartenspiel Tippen."
34,Gambling games,Poker,"Poker is a family of comparing card games in which players wager over which hand is best according to that specific game's rules. While the earliest known form of the game was played with just 20 cards, today it is usually played with a standard deck, although in countries where short packs are common, it may be played with 32, 40 or 48 cards. Thus poker games vary in deck configuration, the number of cards in play, the number dealt face up or face down, and the number shared by all players, but all have rules that involve one or more rounds of betting.
In most modern poker games, the first round of betting begins with one or more of the players making some form of a forced bet (the blind or ante). In standard poker, each player bets according to the rank they believe their hand is worth as compared to the other players. The action then proceeds clockwise as each player in turn must either match (or ""call"") the maximum previous bet, or fold, losing the amount bet so far and all further involvement in the hand. A player who matches a bet may also ""raise"" (increase) the bet. The betting round ends when all players have either called the last bet or folded. If all but one player folds on any round, the remaining player collects the pot without being required to reveal their hand. If more than one player remains in contention after the final betting round, a showdown takes place where the hands are revealed, and the player with the winning hand takes the pot.
With the exception of initial forced bets, money is only placed into the pot voluntarily by a player who either believes the bet has positive expected value or who is trying to bluff other players for various strategic reasons. Thus, while the outcome of any particular hand significantly involves chance, the long-run expectations of the players are determined by their actions chosen on the basis of probability, psychology, and game theory.
Poker has increased in popularity since the beginning of the 20th century and has gone from being primarily a recreational activity confined to small groups of enthusiasts to a widely popular activity, both for participants and spectators, including online, with many professional players and multimillion-dollar tournament prizes.","Poker ist der Name einer Familie von Kartenspielen, die normalerweise mit Pokerkarten des anglo-amerikanischen Blatts zu 52 Karten gespielt werden und bei denen mit Hilfe von fünf Karten eine Hand (Pokerblatt) gebildet wird. Dabei setzen die Spieler ohne Wissen um das (genaue) Blatt des Gegners einen unterschiedlich hohen und mehr oder weniger wertvollen Einsatz (Spielmarken, Chips, Geld etc.) auf die Gewinnchancen der eigenen Hand. Die von den Spielern eingesetzten Chips eines Spieles („Pot“) fallen schließlich demjenigen Spieler mit der stärksten Hand zu oder dem einzig Übriggebliebenen, wenn alle anderen Spieler nicht bereit sind, den von ihm vorgelegten Einsatz ebenfalls zu setzen. Dies eröffnet die Möglichkeit, durch Bluffen auch mit schwachen Karten zu gewinnen. Das Ziel im Poker ist es, möglichst viele Chips, Spielmarken oder Geld von anderen Spielern zu gewinnen.
Je nach Spielvariante hat der Spieler verschiedene Möglichkeiten, sein Blatt zusammenzustellen. Auch die maximale und die bevorzugte Spieleranzahl sind je nach Variante verschieden. In manchen gewinnt nicht die beste Hand (High), sondern die schlechteste (Low) oder der Pot wird zwischen der besten und der schlechtesten Hand geteilt (High-Low).
In Casinos werden auch Spielvarianten angeboten, in denen die Spieler nicht alle gegeneinander um einen Pot spielen, sondern jeweils einzeln gegen das Haus.
Poker wird in Deutschland rechtlich gesehen weit überwiegend zu den Glücksspielen gezählt."
35,Gambling games,Roulette,"Roulette is a casino game named after the French word meaning little wheel which was likely developed from the Italian game Biribi. In the game, a player may choose to place a bet on a single number, various groupings of numbers, the color red or black, whether the number is odd or even, or if the numbers are high (19–36) or low (1–18).
To determine the winning number, a croupier spins a wheel in one direction, then spins a ball in the opposite direction around a tilted circular track running around the outer edge of the wheel. The ball eventually loses momentum, passes through an area of deflectors, and falls onto the wheel and into one of thirty-seven (single-zero, French or European style roulette) or thirty-eight (double-zero, American style roulette) or thirty-nine (triple-zero, ""Sands Roulette"") colored and numbered pockets on the wheel. The winnings are then paid to anyone who has placed a successful bet.","Roulette [ruˈlɛt] (französisch; deutsch „Rädchen“) ist ein weltweit verbreitetes, traditionelles Glücksspiel, das vor allem in Spielbanken angeboten wird. Das Roulette bezeichnet das Spiel, die Roulette bezeichnet die Roulettemaschine.
Beim Roulette setzt man auf Zahlen bzw. bestimmte Eigenschaften von Zahlen, die durch den zufälligen Lauf einer Kugel in einem Kessel bestimmt werden."
36,Gambling games,Schanzeln,"Schanzeln or Schanz'ln is a variation of the European skittles game of Kegeln, at which very high wagers were often placed, which is why it ended up on the list of games prohibited in Austria-Hungary in 1904. One enthusiastic fan of this game was Wolfgang Amadeus Mozart.","Das Schanzeln oder Schanz'ln ist eine Abart des Kegelspiels, bei der es oft um sehr hohe Geldeinsätze ging, weshalb es auf der Liste verbotener Spiele des k.u.k. Justizministeriums von 1904 angeführt war. Ein begeisterter Anhänger dieses Spiels war Wolfgang Amadeus Mozart."
37,Gambling games,Sic bo,"Sic bo (骰寶), also known as tai sai (大細), dai siu (大小), big and small or hi-lo, is an unequal game of chance of ancient Chinese origin played with three dice. Grand hazard and chuck-a-luck are variants, both of English origin. The literal meaning of sic bo is ""precious dice"", while dai siu and dai sai mean ""big [or] small"".
Sic bo is a casino game, popular in Asia and widely played (as dai siu) in casinos in Macau, Hong Kong. It is played in the Philippines as hi-lo.  It was introduced to the United States by Chinese immigrants in the early 20th century, and can now be found in most American casinos.  Since 2002, it can be played legally in licensed casinos in the United Kingdom.
Gameplay involves betting that a certain condition (e.g. that all three dice will roll the same) will be satisfied by a roll of the dice.","Sic Bo, auch Chuck a Luck (aus dem ebenfalls mit diesem Namen bezeichneten Würfelspiel ist es hervorgegangen), Grand Hazard, Big and Small, Birdcage, Dai Siu (auch: Tai Xiu) oder Hi Lo ist ein Würfel-Glücksspiel mit drei Würfeln, das in den Casinos von Macau und in den USA gerne gespielt wird und mittlerweile auch in den europäischen Spielbanken heimisch geworden ist. In portugiesischen Spielbanken wird es unter dem Namen Cussec angeboten.

Sic Bo hat sich möglicherweise von Shanghai aus in China verbreitet und ist zu Beginn des 20. Jahrhunderts von chinesischen Auswanderern in die Vereinigten Staaten gebracht worden."
38,Gambling games,Slot machine,"A slot machine (American English), fruit machine (British English) or poker machine (Australian English and New Zealand English) is a gambling machine that creates a game of chance for its customers. Slot machines are also known pejoratively as one-armed bandits because of the large mechanical levers affixed to the sides of early mechanical machines and the games' ability to empty players' pockets and wallets as thieves would.A slot machine's standard layout features a screen displaying three or more reels that ""spin"" when the game is activated. Some modern slot machines still include a lever as a skeuomorphic design trait to trigger play. However, the mechanics of early machines have been superseded by random number generators, and most are now operated using buttons and touchscreens.
Slot machines include one or more currency detectors that validate the form of payment, whether coin, cash, voucher, or token. The machine pays out according to the pattern of symbols displayed when the reels stop ""spinning"". Slot machines are the most popular gambling method in casinos and constitute about 70% of the average U.S. casino's income.Digital technology has resulted in variations in the original slot machine concept. As the player is essentially playing a video game, manufacturers can offer more interactive elements, such as advanced bonus rounds and more varied video graphics.","Ein Spielautomat ist ein ursprünglich mechanisch, später elektromechanisch und heute meist elektronisch funktionierendes, Screen-basiertes Gerät, das nach Münzeinwurf, Eingabe einer Banknote oder eines werthaltigen Tickets einen Spielverlauf startet, dessen Ergebnis durch Zufall und Spielerbetätigungen bestimmt wird.
Motiv zum Spielen sind Unterhaltung und Hoffnung auf einen Gewinn. Kommerzielle Nutznießer des Automaten sind in der Regel der Betreiber sowie der Staat, der – sofern es sich um legal aufgestellte Geräte handelt – einen nicht unbeträchtlichen Teil des Gewinnes als Vergnügungs-, Umsatzsteuer bzw. Spielbankabgabe erhält."
39,Gambling games,Stoßpudel,"Stoßpudel is an historical, south German and Austrian pinball game in which a ball is projected onto an inclined wooden playing board and falls into hollows or rolls into demarcated slots. Various points are scored for each shot depending on where the ball ends up. An 1834 Bavarian dictionary describes a Stoßpudel as a ""portable bowling alley, roughly like a type of billiard table, onto which an ivory ball is struck with a stick."".","Stoßpudel ist ein Holzspiel, bei dem eine in ein geneigtes Spielfeld geschossene Kugel in Gruben fällt oder in abgegrenzte Felder rollt. Je Stoß kann eine unterschiedlich hohe Punkteanzahl erzielt werden. Ein Bayrisches Wörterbuch von 1834 beschreibt den Begriff als ""tragbare Kegelbahn, ungefähr nach Art einer Billardtafel, auf welcher eine elfenbeinene Kugel mit einem Stock gestoßen wird.""."
40,Gambling games,Tippen,"Tippen, also known as Dreiblatt, Dreikart, Drei Karten, Dreekort, Kleinpréférence or Labet, is an historical German 3-card, plain-trick game which was popular as a gambling game for three or more players. The Danish version of the game was known as Trekort and more elaborate Swedish variants include Knack and Köpknack. It appears to be related to the English game of 3-Card Loo. It was banned as a gambling game in some places.","Tippen, Dreiblatt oder Zwicken (vgl. hier) ist ein dem Mauscheln ähnliches Karten-Glücksspiel, das früher in Deutschland und den Ländern Österreich-Ungarns weit verbreitet war.
Weitere Namen des Spieles sind Labet (von frz. la bête), Pochen – allerdings nicht zu verwechseln mit dem gleichnamigen Vorläufer des Pokerspiels (vgl. Poch) – und Kleinpréférence (vgl. Préférence).
Dem Tippen ähnliche Spiele sind das in Großbritannien und den USA beheimatete Loo sowie das aus Frankreich stammende Mistigri."
41,Gambling games,Two-up,"Two-up is a traditional Australian gambling game, involving a designated ""spinner"" throwing two coins or pennies into the air. Players bet on whether the coins will fall with both heads (obverse) up, both tails (reverse) up, or with one coin a head and one a tail (known as ""Ewan""). It is traditionally played on Anzac Day in pubs and clubs throughout Australia, in part to mark a shared experience with Diggers through the ages.
The game is traditionally played with pennies – their weight, size, and surface design make them ideal for the game. Weight and size make them stable on the ""kip"" and easy to spin in the air. Decimal coins are generally considered to be too small and light and they do not fly as well. The design of pre-1939 pennies had the sovereign's head on the obverse (front) and the reverse was totally covered in writing, making the result very easy and quick to see. Pennies now are marked with a white cross on the reverse (Tails) side. Pennies can often be observed being used at games on Anzac Day, as they are brought out specifically for this purpose each year.","Two-up oder Swy (nach dem deutschen Wort ""zwei"") ist ein aus Australien stammendes Glücksspiel. Es ist wohl das einzige Casino-Spiel, bei dem Münzen geworfen werden – es sei denn, es wird mit Würfeln gespielt (s. u.).
Two-up entstand in der Zeit des Australischen Goldrauschs in den 1850er Jahren. Während des Ersten Weltkriegs war es unter den Angehörigen des Australian and New Zealand Army Corps besonders beliebt, sodass es alljährlich am ANZAC Day, dem Tag der Erinnerung an die Landung auf Gallipoli am 25. April 1915, gerne gespielt wird."
42,Gambling games,Xóc đĩa,"Xóc đĩa is gambling game, originated and widespread in  Vietnam. The game probably originated around 1909. This game is considered illegal by the governmental authorities because it's thought to be linked with criminal activities and gambling is defined as an illegal act in the Vietnamese Criminal Code.","Xóc Đĩa [sɔk̚ diə̯] (auch XocDia), ist ein vietnamesisches Glücksspiel.  Unter der Bezeichnung Xóc Đĩa ist das Spiel in Vietnam bekannt und verbreitet, wie Pressemeldungen über Streitigkeiten zu dem Spiel nachweisen. Erste Hinweise finden sich aus der Zeit um 1909. Das genaue Alter des Spiels lässt sich, wie bei anderen kriminellen Spielen, wie etwa dem Hütchenspiel, nicht nachweisen. Das Spiel wird von der vietnamesischen Polizei als Problem im Zusammenhang mit Bandenkriminalität gesehen."
